ticker,name,cik,gics_sector,gics_sub_industry,date_added
A,Agilent Technologies,0001090872,Health Care,Life Sciences Tools & Services,2000-06-05
AAPL,Apple Inc.,0000320193,Information Technology,"Technology Hardware, Storage & Peripherals",1982-11-30
ABBV,AbbVie,0001551152,Health Care,Biotechnology,2012-12-31
ABNB,Airbnb,0001559720,Consumer Discretionary,"Hotels, Resorts & Cruise Lines",2023-09-18
ABT,Abbott Laboratories,0000001800,Health Care,Health Care Equipment,1957-03-04
ACGL,Arch Capital Group,0000947484,Financials,Property & Casualty Insurance,2022-11-01
ACN,Accenture,0001467373,Information Technology,IT Consulting & Other Services,2011-07-06
ADBE,Adobe Inc.,0000796343,Information Technology,Application Software,1997-05-05
ADI,Analog Devices,0000006281,Information Technology,Semiconductors,1999-10-12
ADM,Archer Daniels Midland,0000007084,Consumer Staples,Agricultural Products & Services,1957-03-04
ADP,Automatic Data Processing,0000008670,Industrials,Human Resource & Employment Services,1981-03-31
ADSK,Autodesk,0000769397,Information Technology,Application Software,1989-12-01
AEE,Ameren,0001002910,Utilities,Multi-Utilities,1991-09-19
AEP,American Electric Power,0000004904,Utilities,Electric Utilities,1957-03-04
AES,AES Corporation,0000874761,Utilities,Independent Power Producers & Energy Traders,1998-10-02
AFL,Aflac,0000004977,Financials,Life & Health Insurance,1999-05-28
AIG,American International Group,0000005272,Financials,Multi-line Insurance,1980-03-31
AIZ,Assurant,0001267238,Financials,Multi-line Insurance,2007-04-10
AJG,Arthur J. Gallagher & Co.,0000354190,Financials,Insurance Brokers,2016-05-31
AKAM,Akamai Technologies,0001086222,Information Technology,Internet Services & Infrastructure,2007-07-12
ALB,Albemarle Corporation,0000915913,Materials,Specialty Chemicals,2016-07-01
ALGN,Align Technology,0001097149,Health Care,Health Care Supplies,2017-06-19
ALL,Allstate,0000899051,Financials,Property & Casualty Insurance,1995-07-13
ALLE,Allegion,0001579241,Industrials,Building Products,2013-12-02
AMAT,Applied Materials,0000006951,Information Technology,Semiconductor Materials & Equipment,1995-03-16
AMCR,Amcor,0001748790,Materials,Paper & Plastic Packaging Products & Materials,2019-06-07
AMD,Advanced Micro Devices,0000002488,Information Technology,Semiconductors,2017-03-20
AME,Ametek,0001037868,Industrials,Electrical Components & Equipment,2013-09-23
AMGN,Amgen,0000318154,Health Care,Biotechnology,1992-01-02
AMP,Ameriprise Financial,0000820027,Financials,Asset Management & Custody Banks,2005-10-03
AMT,American Tower,0001053507,Real Estate,Telecom Tower REITs,2007-11-19
AMZN,Amazon,0001018724,Consumer Discretionary,Broadline Retail,2005-11-18
ANET,Arista Networks,0001596532,Information Technology,Communications Equipment,2018-08-28
AON,Aon plc,0000315293,Financials,Insurance Brokers,1996-04-23
AOS,A. O. Smith,0000091142,Industrials,Building Products,2017-07-26
APA,APA Corporation,0001841666,Energy,Oil & Gas Exploration & Production,1997-07-28
APD,Air Products,0000002969,Materials,Industrial Gases,1985-04-30
APH,Amphenol,0000820313,Information Technology,Electronic Components,2008-09-30
APO,Apollo Global Management,0001858681,Financials,Asset Management & Custody Banks,2024-12-23
APP,AppLovin,0001751008,Information Technology,Application Software,2025-09-22
APTV,Aptiv,0001521332,Consumer Discretionary,Automotive Parts & Equipment,2012-12-24
ARE,Alexandria Real Estate Equities,0001035443,Real Estate,Office REITs,2017-03-20
ARES,Ares Management,0001176948,Financials,Asset Management & Custody Banks,2025-12-11
ATO,Atmos Energy,0000731802,Utilities,Gas Utilities,2019-02-15
AVB,AvalonBay Communities,0000915912,Real Estate,Multi-Family Residential REITs,2007-01-10
AVGO,Broadcom,0001730168,Information Technology,Semiconductors,2014-05-08
AVY,Avery Dennison,0000008818,Materials,Paper & Plastic Packaging Products & Materials,1987-12-31
AWK,American Water Works,0001410636,Utilities,Water Utilities,2016-03-04
AXON,Axon Enterprise,0001069183,Industrials,Aerospace & Defense,2023-05-04
AXP,American Express,0000004962,Financials,Consumer Finance,1976-06-30
AZO,AutoZone,0000866787,Consumer Discretionary,Automotive Retail,1997-01-02
BA,Boeing,0000012927,Industrials,Aerospace & Defense,1957-03-04
BAC,Bank of America,0000070858,Financials,Diversified Banks,1976-06-30
BALL,Ball Corporation,0000009389,Materials,"Metal, Glass & Plastic Containers",1984-10-31
BAX,Baxter International,0000010456,Health Care,Health Care Equipment,1972-09-30
BBY,Best Buy,0000764478,Consumer Discretionary,Computer & Electronics Retail,1999-06-29
BDX,Becton Dickinson,0000010795,Health Care,Health Care Equipment,1972-09-30
BEN,Franklin Resources,0000038777,Financials,Asset Management & Custody Banks,1998-04-30
BF.B,Brown–Forman,0000014693,Consumer Staples,Distillers & Vintners,1982-10-31
BG,Bunge Global,0001996862,Consumer Staples,Agricultural Products & Services,2023-03-15
BIIB,Biogen,0000875045,Health Care,Biotechnology,2003-11-13
BK,BNY Mellon,0001390777,Financials,Asset Management & Custody Banks,1995-03-31
BKNG,Booking Holdings,0001075531,Consumer Discretionary,"Hotels, Resorts & Cruise Lines",2009-11-06
BKR,Baker Hughes,0001701605,Energy,Oil & Gas Equipment & Services,2017-07-07
BLDR,Builders FirstSource,0001316835,Industrials,Building Products,2023-12-18
BLK,BlackRock,0002012383,Financials,Asset Management & Custody Banks,2011-04-04
BMY,Bristol Myers Squibb,0000014272,Health Care,Pharmaceuticals,1957-03-04
BR,Broadridge Financial Solutions,0001383312,Industrials,Data Processing & Outsourced Services,2018-06-18
BRK.B,Berkshire Hathaway,0001067983,Financials,Multi-Sector Holdings,2010-02-16
BRO,Brown & Brown,0000079282,Financials,Insurance Brokers,2021-09-20
BSX,Boston Scientific,0000885725,Health Care,Health Care Equipment,1995-02-24
BX,Blackstone Inc.,0001393818,Financials,Asset Management & Custody Banks,2023-09-18
BXP,"BXP, Inc.",0001037540,Real Estate,Office REITs,2006-04-03
C,Citigroup,0000831001,Financials,Diversified Banks,1988-05-31
CAG,Conagra Brands,0000023217,Consumer Staples,Packaged Foods & Meats,1983-08-31
CAH,Cardinal Health,0000721371,Health Care,Health Care Distributors,1997-05-27
CARR,Carrier Global,0001783180,Industrials,Building Products,2020-04-03
CASY,Casey's,0000726958,Consumer Staples,Food Retail,2026-04-09
CAT,Caterpillar Inc.,0000018230,Industrials,Construction Machinery & Heavy Transportation Equipment,1957-03-04
CB,Chubb Limited,0000896159,Financials,Property & Casualty Insurance,2010-07-15
CBOE,Cboe Global Markets,0001374310,Financials,Financial Exchanges & Data,2017-03-01
CBRE,CBRE Group,0001138118,Real Estate,Real Estate Services,2006-11-10
CCI,Crown Castle,0001051470,Real Estate,Telecom Tower REITs,2012-03-14
CCL,Carnival Corporation,0000815097,Consumer Discretionary,"Hotels, Resorts & Cruise Lines",1998-12-22
CDNS,Cadence Design Systems,0000813672,Information Technology,Application Software,2017-09-18
CDW,CDW Corporation,0001402057,Information Technology,Technology Distributors,2019-09-23
CEG,Constellation Energy,0001868275,Utilities,Electric Utilities,2022-02-02
CF,CF Industries,0001324404,Materials,Fertilizers & Agricultural Chemicals,2008-08-27
CFG,Citizens Financial Group,0000759944,Financials,Regional Banks,2016-01-29
CHD,Church & Dwight,0000313927,Consumer Staples,Household Products,2015-12-29
CHRW,C.H. Robinson,0001043277,Industrials,Air Freight & Logistics,2007-03-02
CHTR,Charter Communications,0001091667,Communication Services,Cable & Satellite,2016-09-08
CI,Cigna,0001739940,Health Care,Health Care Services,1976-06-30
CIEN,Ciena,0000936395,Information Technology,Communications Equipment,2026-02-09
CINF,Cincinnati Financial,0000020286,Financials,Property & Casualty Insurance,1997-12-18
CL,Colgate-Palmolive,0000021665,Consumer Staples,Household Products,1957-03-04
CLX,Clorox,0000021076,Consumer Staples,Household Products,1969-03-31
CMCSA,Comcast,0001166691,Communication Services,Cable & Satellite,2002-11-19
CME,CME Group,0001156375,Financials,Financial Exchanges & Data,2006-08-11
CMG,Chipotle Mexican Grill,0001058090,Consumer Discretionary,Restaurants,2011-04-28
CMI,Cummins,0000026172,Industrials,Construction Machinery & Heavy Transportation Equipment,1965-03-31
CMS,CMS Energy,0000811156,Utilities,Multi-Utilities,1957-03-04
CNC,Centene Corporation,0001071739,Health Care,Managed Health Care,2016-03-30
CNP,CenterPoint Energy,0001130310,Utilities,Multi-Utilities,1985-07-31
COF,Capital One,0000927628,Financials,Consumer Finance,1998-07-01
COHR,Coherent Corp.,0000820318,Information Technology,Electronic Components,2026-03-23
COIN,Coinbase,0001679788,Financials,Financial Exchanges & Data,2025-05-19
COO,Cooper Companies (The),0000711404,Health Care,Health Care Supplies,2016-09-23
COP,ConocoPhillips,0001163165,Energy,Oil & Gas Exploration & Production,1957-03-04
COR,Cencora,0001140859,Health Care,Health Care Distributors,2001-08-30
COST,Costco,0000909832,Consumer Staples,Consumer Staples Merchandise Retail,1993-10-01
CPAY,Corpay,0001175454,Financials,Transaction & Payment Processing Services,2018-06-20
CPB,Campbell's Company (The),0000016732,Consumer Staples,Packaged Foods & Meats,1957-03-04
CPRT,Copart,0000900075,Industrials,Diversified Support Services,2018-07-02
CPT,Camden Property Trust,0000906345,Real Estate,Multi-Family Residential REITs,2022-04-04
CRH,CRH plc,0000849395,Materials,Construction Materials,2025-12-22
CRL,Charles River Laboratories,0001100682,Health Care,Life Sciences Tools & Services,2021-05-14
CRM,Salesforce,0001108524,Information Technology,Application Software,2008-09-15
CRWD,CrowdStrike,0001535527,Information Technology,Systems Software,2024-06-24
CSCO,Cisco,0000858877,Information Technology,Communications Equipment,1993-12-01
CSGP,CoStar Group,0001057352,Real Estate,Real Estate Services,2022-09-19
CSX,CSX Corporation,0000277948,Industrials,Rail Transportation,1957-03-04
CTAS,Cintas,0000723254,Industrials,Diversified Support Services,2001-03-01
CTSH,Cognizant,0001058290,Information Technology,IT Consulting & Other Services,2006-11-17
CTVA,Corteva,0001755672,Materials,Fertilizers & Agricultural Chemicals,2019-06-03
CVNA,Carvana,0001690820,Consumer Discretionary,Automotive Retail,2025-12-22
CVS,CVS Health,0000064803,Health Care,Health Care Services,1957-03-04
CVX,Chevron Corporation,0000093410,Energy,Integrated Oil & Gas,1957-03-04
D,Dominion Energy,0000715957,Utilities,Multi-Utilities,2016-11-30
DAL,Delta Air Lines,0000027904,Industrials,Passenger Airlines,2013-09-11
DASH,DoorDash,0001792789,Consumer Discretionary,Specialized Consumer Services,2025-03-24
DD,DuPont,0001666700,Materials,Specialty Chemicals,2019-06-03
DDOG,Datadog,0001561550,Information Technology,Application Software,2025-07-09
DE,Deere & Company,0000315189,Industrials,Agricultural & Farm Machinery,1957-03-04
DECK,Deckers Brands,0000910521,Consumer Discretionary,Footwear,2024-03-18
DELL,Dell Technologies,0001571996,Information Technology,"Technology Hardware, Storage & Peripherals",2024-09-23
DG,Dollar General,0000029534,Consumer Staples,Consumer Staples Merchandise Retail,2012-12-03
DGX,Quest Diagnostics,0001022079,Health Care,Health Care Services,2002-12-12
DHI,D. R. Horton,0000882184,Consumer Discretionary,Homebuilding,2005-06-22
DHR,Danaher Corporation,0000313616,Health Care,Life Sciences Tools & Services,1998-11-18
DIS,Walt Disney Company (The),0001744489,Communication Services,Movies & Entertainment,1976-06-30
DLR,Digital Realty,0001297996,Real Estate,Data Center REITs,2016-05-18
DLTR,Dollar Tree,0000935703,Consumer Staples,Consumer Staples Merchandise Retail,2011-12-19
DOC,Healthpeak Properties,0000765880,Real Estate,Health Care REITs,2008-03-31
DOV,Dover Corporation,0000029905,Industrials,Industrial Machinery & Supplies & Components,1985-10-31
DOW,Dow Inc.,0001751788,Materials,Commodity Chemicals,2019-04-01
DPZ,Domino's,0001286681,Consumer Discretionary,Restaurants,2020-05-12
DRI,Darden Restaurants,0000940944,Consumer Discretionary,Restaurants,1995-05-31
DTE,DTE Energy,0000936340,Utilities,Multi-Utilities,1957-03-04
DUK,Duke Energy,0001326160,Utilities,Electric Utilities,1976-06-30
DVA,DaVita,0000927066,Health Care,Health Care Services,2008-07-31
DVN,Devon Energy,0001090012,Energy,Oil & Gas Exploration & Production,2000-08-30
DXCM,Dexcom,0001093557,Health Care,Health Care Equipment,2020-05-12
EA,Electronic Arts,0000712515,Communication Services,Interactive Home Entertainment,2002-07-22
EBAY,eBay Inc.,0001065088,Consumer Discretionary,Broadline Retail,2002-07-22
ECL,Ecolab,0000031462,Materials,Specialty Chemicals,1989-01-31
ED,Consolidated Edison,0001047862,Utilities,Multi-Utilities,1957-03-04
EFX,Equifax,0000033185,Industrials,Research & Consulting Services,1997-06-19
EG,Everest Group,0001095073,Financials,Reinsurance,2017-06-19
EIX,Edison International,0000827052,Utilities,Electric Utilities,1957-03-04
EL,Estée Lauder Companies (The),0001001250,Consumer Staples,Personal Care Products,2006-01-05
ELV,Elevance Health,0001156039,Health Care,Managed Health Care,2002-07-25
EME,Emcor,0000105634,Industrials,Construction & Engineering,2025-09-22
EMR,Emerson Electric,0000032604,Industrials,Electrical Components & Equipment,1965-03-31
EOG,EOG Resources,0000821189,Energy,Oil & Gas Exploration & Production,2000-11-02
EPAM,EPAM Systems,0001352010,Information Technology,IT Consulting & Other Services,2021-12-14
EQIX,Equinix,0001101239,Real Estate,Data Center REITs,2015-03-20
EQR,Equity Residential,0000906107,Real Estate,Multi-Family Residential REITs,2001-12-03
EQT,EQT Corporation,0000033213,Energy,Oil & Gas Exploration & Production,2022-10-03
ERIE,Erie Indemnity,0000922621,Financials,Insurance Brokers,2024-09-23
ES,Eversource Energy,0000072741,Utilities,Electric Utilities,2009-07-24
ESS,Essex Property Trust,0000920522,Real Estate,Multi-Family Residential REITs,2014-04-02
ETN,Eaton Corporation,0001551182,Industrials,Electrical Components & Equipment,1957-03-04
ETR,Entergy,0000065984,Utilities,Electric Utilities,1957-03-04
EVRG,Evergy,0001711269,Utilities,Electric Utilities,2018-06-05
EW,Edwards Lifesciences,0001099800,Health Care,Health Care Equipment,2011-04-01
EXC,Exelon,0001109357,Utilities,Electric Utilities,1957-03-04
EXE,Expand Energy,0000895126,Energy,Oil & Gas Exploration & Production,2025-03-24
EXPD,Expeditors International,0000746515,Industrials,Air Freight & Logistics,2007-10-10
EXPE,Expedia Group,0001324424,Consumer Discretionary,"Hotels, Resorts & Cruise Lines",2007-10-02
EXR,Extra Space Storage,0001289490,Real Estate,Self-Storage REITs,2016-01-19
F,Ford Motor Company,0000037996,Consumer Discretionary,Automobile Manufacturers,1957-03-04
FANG,Diamondback Energy,0001539838,Energy,Oil & Gas Exploration & Production,2018-12-03
FAST,Fastenal,0000815556,Industrials,Trading Companies & Distributors,2008-09-15
FCX,Freeport-McMoRan,0000831259,Materials,Copper,2011-07-01
FDS,FactSet,0001013237,Financials,Financial Exchanges & Data,2021-12-20
FDX,FedEx,0001048911,Industrials,Air Freight & Logistics,1980-12-31
FE,FirstEnergy,0001031296,Utilities,Electric Utilities,1997-11-28
FFIV,"F5, Inc.",0001048695,Information Technology,Communications Equipment,2010-12-20
FICO,Fair Isaac,0000814547,Information Technology,Application Software,2023-03-20
FIS,Fidelity National Information Services,0001136893,Financials,Transaction & Payment Processing Services,2006-11-10
FISV,Fiserv,0000798354,Financials,Transaction & Payment Processing Services,2001-04-02
FITB,Fifth Third Bancorp,0000035527,Financials,Regional Banks,1996-03-29
FIX,Comfort Systems USA,0001035983,Industrials,Construction & Engineering,2025-12-22
FOX,Fox Corporation (Class B),0001754301,Communication Services,Broadcasting,2019-03-19
FOXA,Fox Corporation (Class A),0001754301,Communication Services,Broadcasting,2019-03-19
FRT,Federal Realty Investment Trust,0000034903,Real Estate,Retail REITs,2016-02-01
FSLR,First Solar,0001274494,Information Technology,Semiconductors,2022-12-19
FTNT,Fortinet,0001262039,Information Technology,Systems Software,2018-10-11
FTV,Fortive,0001659166,Industrials,Industrial Machinery & Supplies & Components,2016-07-01
GD,General Dynamics,0000040533,Industrials,Aerospace & Defense,1957-03-04
GDDY,GoDaddy,0001609711,Information Technology,Internet Services & Infrastructure,2024-06-24
GE,GE Aerospace,0000040545,Industrials,Aerospace & Defense,1957-03-04
GEHC,GE HealthCare,0001932393,Health Care,Health Care Equipment,2023-01-04
GEN,Gen Digital,0000849399,Information Technology,Systems Software,2003-03-25
GEV,GE Vernova,0001996810,Industrials,Heavy Electrical Equipment,2024-04-02
GILD,Gilead Sciences,0000882095,Health Care,Biotechnology,2004-07-01
GIS,General Mills,0000040704,Consumer Staples,Packaged Foods & Meats,1957-03-04
GL,Globe Life,0000320335,Financials,Life & Health Insurance,1989-04-30
GLW,Corning Inc.,0000024741,Information Technology,Electronic Components,1995-02-27
GM,General Motors,0001467858,Consumer Discretionary,Automobile Manufacturers,2013-06-06
GNRC,Generac,0001474735,Industrials,Electrical Components & Equipment,2021-03-22
GOOG,Alphabet Inc. (Class C),0001652044,Communication Services,Interactive Media & Services,2014-04-03
GOOGL,Alphabet Inc. (Class A),0001652044,Communication Services,Interactive Media & Services,2006-04-03
GPC,Genuine Parts Company,0000040987,Consumer Discretionary,Distributors,1973-12-31
GPN,Global Payments,0001123360,Financials,Transaction & Payment Processing Services,2016-04-25
GRMN,Garmin,0001121788,Consumer Discretionary,Consumer Electronics,2012-12-12
GS,Goldman Sachs,0000886982,Financials,Investment Banking & Brokerage,2002-07-22
GWW,W. W. Grainger,0000277135,Industrials,Industrial Machinery & Supplies & Components,1981-06-30
HAL,Halliburton,0000045012,Energy,Oil & Gas Equipment & Services,1957-03-04
HAS,Hasbro,0000046080,Consumer Discretionary,Leisure Products,1984-09-30
HBAN,Huntington Bancshares,0000049196,Financials,Regional Banks,1997-08-28
HCA,HCA Healthcare,0000860730,Health Care,Health Care Facilities,2015-01-27
HD,Home Depot (The),0000354950,Consumer Discretionary,Home Improvement Retail,1988-03-31
HIG,Hartford (The),0000874766,Financials,Property & Casualty Insurance,1957-03-04
HII,Huntington Ingalls Industries,0001501585,Industrials,Aerospace & Defense,2018-01-03
HLT,Hilton Worldwide,0001585689,Consumer Discretionary,"Hotels, Resorts & Cruise Lines",2017-06-19
HON,Honeywell,0000773840,Industrials,Industrial Conglomerates,1957-03-04
HOOD,Robinhood Markets,0001783879,Financials,Investment Banking & Brokerage,2025-09-22
HPE,Hewlett Packard Enterprise,0001645590,Information Technology,"Technology Hardware, Storage & Peripherals",2015-11-02
HPQ,HP Inc.,0000047217,Information Technology,"Technology Hardware, Storage & Peripherals",1974-12-31
HRL,Hormel Foods,0000048465,Consumer Staples,Packaged Foods & Meats,2009-03-04
HSIC,Henry Schein,0001000228,Health Care,Health Care Distributors,2015-03-17
HST,Host Hotels & Resorts,0001070750,Real Estate,Hotel & Resort REITs,2007-03-20
HSY,Hershey Company (The),0000047111,Consumer Staples,Packaged Foods & Meats,1957-03-04
HUBB,Hubbell Incorporated,0000048898,Industrials,Industrial Machinery & Supplies & Components,2023-10-18
HUM,Humana,0000049071,Health Care,Managed Health Care,2012-12-10
HWM,Howmet Aerospace,0000004281,Industrials,Aerospace & Defense,2016-10-21
IBKR,Interactive Brokers,0001381197,Financials,Investment Banking & Brokerage,2025-08-28
IBM,IBM,0000051143,Information Technology,IT Consulting & Other Services,1957-03-04
ICE,Intercontinental Exchange,0001571949,Financials,Financial Exchanges & Data,2007-09-26
IDXX,Idexx Laboratories,0000874716,Health Care,Health Care Equipment,2017-01-05
IEX,IDEX Corporation,0000832101,Industrials,Industrial Machinery & Supplies & Components,2019-08-09
IFF,International Flavors & Fragrances,0000051253,Materials,Specialty Chemicals,1976-03-31
INCY,Incyte,0000879169,Health Care,Biotechnology,2017-02-28
INTC,Intel,0000050863,Information Technology,Semiconductors,1976-12-31
INTU,Intuit,0000896878,Information Technology,Application Software,2000-12-05
INVH,Invitation Homes,0001687229,Real Estate,Single-Family Residential REITs,2022-09-19
IP,International Paper,0000051434,Materials,Paper & Plastic Packaging Products & Materials,1957-03-04
IQV,IQVIA,0001478242,Health Care,Life Sciences Tools & Services,2017-08-29
IR,Ingersoll Rand,0001699150,Industrials,Industrial Machinery & Supplies & Components,2020-03-03
IRM,Iron Mountain,0001020569,Real Estate,Other Specialized REITs,2009-01-06
ISRG,Intuitive Surgical,0001035267,Health Care,Health Care Equipment,2008-06-02
IT,Gartner,0000749251,Information Technology,IT Consulting & Other Services,2017-04-05
ITW,Illinois Tool Works,0000049826,Industrials,Industrial Machinery & Supplies & Components,1986-02-28
IVZ,Invesco,0000914208,Financials,Asset Management & Custody Banks,2008-08-21
J,Jacobs Solutions,0000052988,Industrials,Construction & Engineering,2007-10-26
JBHT,J.B. Hunt,0000728535,Industrials,Cargo Ground Transportation,2015-07-01
JBL,Jabil,0000898293,Information Technology,Electronic Manufacturing Services,2023-12-18
JCI,Johnson Controls,0000833444,Industrials,Building Products,2010-08-27
JKHY,Jack Henry & Associates,0000779152,Financials,Transaction & Payment Processing Services,2018-11-13
JNJ,Johnson & Johnson,0000200406,Health Care,Pharmaceuticals,1973-06-30
JPM,JPMorgan Chase,0000019617,Financials,Diversified Banks,1975-06-30
KDP,Keurig Dr Pepper,0001418135,Consumer Staples,Soft Drinks & Non-alcoholic Beverages,2022-06-21
KEY,KeyCorp,0000091576,Financials,Regional Banks,1994-03-01
KEYS,Keysight Technologies,0001601046,Information Technology,Electronic Equipment & Instruments,2018-11-06
KHC,Kraft Heinz,0001637459,Consumer Staples,Packaged Foods & Meats,2015-07-06
KIM,Kimco Realty,0000879101,Real Estate,Retail REITs,2006-04-04
KKR,KKR & Co.,0001404912,Financials,Asset Management & Custody Banks,2024-06-24
KLAC,KLA Corporation,0000319201,Information Technology,Semiconductor Materials & Equipment,1997-09-30
KMB,Kimberly-Clark,0000055785,Consumer Staples,Household Products,1957-03-04
KMI,Kinder Morgan,0001506307,Energy,Oil & Gas Storage & Transportation,2012-05-25
KO,Coca-Cola Company (The),0000021344,Consumer Staples,Soft Drinks & Non-alcoholic Beverages,1957-03-04
KR,Kroger,0000056873,Consumer Staples,Food Retail,1957-03-04
KVUE,Kenvue,0001944048,Consumer Staples,Personal Care Products,2023-08-25
L,Loews Corporation,0000060086,Financials,Multi-line Insurance,1995-05-31
LDOS,Leidos,0001336920,Industrials,Diversified Support Services,2019-08-09
LEN,Lennar,0000920760,Consumer Discretionary,Homebuilding,2005-10-04
LH,Labcorp,0000920148,Health Care,Health Care Services,2004-11-01
LHX,L3Harris,0000202058,Industrials,Aerospace & Defense,2008-09-22
LII,Lennox International,0001069202,Industrials,Building Products,2024-12-23
LIN,Linde plc,0001707925,Materials,Industrial Gases,1992-07-01
LITE,Lumentum,0001633978,Information Technology,Communications Equipment,2026-03-23
LLY,Lilly (Eli),0000059478,Health Care,Pharmaceuticals,1970-12-31
LMT,Lockheed Martin,0000936468,Industrials,Aerospace & Defense,1957-03-04
LNT,Alliant Energy,0000352541,Utilities,Electric Utilities,2016-07-01
LOW,Lowe's,0000060667,Consumer Discretionary,Home Improvement Retail,1984-02-29
LRCX,Lam Research,0000707549,Information Technology,Semiconductor Materials & Equipment,2012-06-29
LULU,Lululemon Athletica,0001397187,Consumer Discretionary,"Apparel, Accessories & Luxury Goods",2023-10-18
LUV,Southwest Airlines,0000092380,Industrials,Passenger Airlines,1994-07-01
LVS,Las Vegas Sands,0001300514,Consumer Discretionary,Casinos & Gaming,2019-10-03
LYB,LyondellBasell,0001489393,Materials,Specialty Chemicals,2012-09-05
LYV,Live Nation Entertainment,0001335258,Communication Services,Movies & Entertainment,2019-12-23
MA,Mastercard,0001141391,Financials,Transaction & Payment Processing Services,2008-07-18
MAA,Mid-America Apartment Communities,0000912595,Real Estate,Multi-Family Residential REITs,2016-12-02
MAR,Marriott International,0001048286,Consumer Discretionary,"Hotels, Resorts & Cruise Lines",1998-05-29
MAS,Masco,0000062996,Industrials,Building Products,1981-06-30
MCD,McDonald's,0000063908,Consumer Discretionary,Restaurants,1970-06-30
MCHP,Microchip Technology,0000827054,Information Technology,Semiconductors,2007-09-07
MCK,McKesson Corporation,0000927653,Health Care,Health Care Distributors,1999-01-13
MCO,Moody's Corporation,0001059556,Financials,Financial Exchanges & Data,1998-07-01
MDLZ,Mondelez International,0001103982,Consumer Staples,Packaged Foods & Meats,2012-10-02
MDT,Medtronic,0001613103,Health Care,Health Care Equipment,1986-10-31
MET,MetLife,0001099219,Financials,Life & Health Insurance,2000-12-11
META,Meta Platforms,0001326801,Communication Services,Interactive Media & Services,2013-12-23
MGM,MGM Resorts,0000789570,Consumer Discretionary,Casinos & Gaming,2017-07-26
MKC,McCormick & Company,0000063754,Consumer Staples,Packaged Foods & Meats,2003-03-20
MLM,Martin Marietta Materials,0000916076,Materials,Construction Materials,2014-07-02
MMM,3M,0000066740,Industrials,Industrial Conglomerates,1957-03-04
MNST,Monster Beverage,0000865752,Consumer Staples,Soft Drinks & Non-alcoholic Beverages,2012-06-28
MO,Altria,0000764180,Consumer Staples,Tobacco,1957-03-04
MOS,Mosaic Company (The),0001285785,Materials,Fertilizers & Agricultural Chemicals,2011-09-26
MPC,Marathon Petroleum,0001510295,Energy,Oil & Gas Refining & Marketing,2011-07-01
MPWR,Monolithic Power Systems,0001280452,Information Technology,Semiconductors,2021-02-12
MRK,Merck & Co.,0000310158,Health Care,Pharmaceuticals,1957-03-04
MRNA,Moderna,0001682852,Health Care,Biotechnology,2021-07-21
MRSH,Marsh McLennan,0000062709,Financials,Insurance Brokers,1987-08-31
MS,Morgan Stanley,0000895421,Financials,Investment Banking & Brokerage,1993-07-29
MSCI,MSCI Inc.,0001408198,Financials,Financial Exchanges & Data,2018-04-04
MSFT,Microsoft,0000789019,Information Technology,Systems Software,1994-06-01
MSI,Motorola Solutions,0000068505,Information Technology,Communications Equipment,1957-03-04
MTB,M&T Bank,0000036270,Financials,Regional Banks,2004-02-23
MTD,Mettler Toledo,0001037646,Health Care,Life Sciences Tools & Services,2016-09-06
MU,Micron Technology,0000723125,Information Technology,Semiconductors,1994-09-27
NCLH,Norwegian Cruise Line Holdings,0001513761,Consumer Discretionary,"Hotels, Resorts & Cruise Lines",2017-10-13
NDAQ,"Nasdaq, Inc.",0001120193,Financials,Financial Exchanges & Data,2008-10-22
NDSN,Nordson Corporation,0000072331,Industrials,Industrial Machinery & Supplies & Components,2022-02-15
NEE,NextEra Energy,0000753308,Utilities,Multi-Utilities,1976-06-30
NEM,Newmont,0001164727,Materials,Gold,1969-06-30
NFLX,Netflix,0001065280,Communication Services,Movies & Entertainment,2010-12-20
NI,NiSource,0001111711,Utilities,Multi-Utilities,2000-11-02
NKE,"Nike, Inc.",0000320187,Consumer Discretionary,"Apparel, Accessories & Luxury Goods",1988-11-30
NOC,Northrop Grumman,0001133421,Industrials,Aerospace & Defense,1957-03-04
NOW,ServiceNow,0001373715,Information Technology,Systems Software,2019-11-21
NRG,NRG Energy,0001013871,Utilities,Independent Power Producers & Energy Traders,2010-01-29
NSC,Norfolk Southern,0000702165,Industrials,Rail Transportation,1957-03-04
NTAP,NetApp,0001002047,Information Technology,"Technology Hardware, Storage & Peripherals",1999-06-25
NTRS,Northern Trust,0000073124,Financials,Asset Management & Custody Banks,1998-01-30
NUE,Nucor,0000073309,Materials,Steel,1985-04-30
NVDA,Nvidia,0001045810,Information Technology,Semiconductors,2001-11-30
NVR,"NVR, Inc.",0000906163,Consumer Discretionary,Homebuilding,2019-09-26
NWS,News Corp (Class B),0001564708,Communication Services,Publishing,2015-09-18
NWSA,News Corp (Class A),0001564708,Communication Services,Publishing,2013-08-01
NXPI,NXP Semiconductors,0001413447,Information Technology,Semiconductors,2021-03-22
O,Realty Income,0000726728,Real Estate,Retail REITs,2015-04-07
ODFL,Old Dominion,0000878927,Industrials,Cargo Ground Transportation,2019-12-09
OKE,Oneok,0001039684,Energy,Oil & Gas Storage & Transportation,2010-03-15
OMC,Omnicom Group,0000029989,Communication Services,Advertising,1997-12-31
ON,ON Semiconductor,0001097864,Information Technology,Semiconductors,2022-06-21
ORCL,Oracle Corporation,0001341439,Information Technology,Application Software,1989-08-31
ORLY,O’Reilly Automotive,0000898173,Consumer Discretionary,Automotive Retail,2009-03-27
OTIS,Otis Worldwide,0001781335,Industrials,Industrial Machinery & Supplies & Components,2020-04-03
OXY,Occidental Petroleum,0000797468,Energy,Oil & Gas Exploration & Production,1957-03-04
PANW,Palo Alto Networks,0001327567,Information Technology,Systems Software,2023-06-20
PAYX,Paychex,0000723531,Industrials,Human Resource & Employment Services,1998-10-01
PCAR,Paccar,0000075362,Industrials,Construction Machinery & Heavy Transportation Equipment,1980-12-31
PCG,PG&E Corporation,0001004980,Utilities,Multi-Utilities,2022-10-03
PEG,Public Service Enterprise Group,0000788784,Utilities,Electric Utilities,1957-03-04
PEP,PepsiCo,0000077476,Consumer Staples,Soft Drinks & Non-alcoholic Beverages,1957-03-04
PFE,Pfizer,0000078003,Health Care,Pharmaceuticals,1957-03-04
PFG,Principal Financial Group,0001126328,Financials,Life & Health Insurance,2002-07-22
PG,Procter & Gamble,0000080424,Consumer Staples,Personal Care Products,1957-03-04
PGR,Progressive Corporation,0000080661,Financials,Property & Casualty Insurance,1997-08-04
PH,Parker Hannifin,0000076334,Industrials,Industrial Machinery & Supplies & Components,1985-11-30
PHM,PulteGroup,0000822416,Consumer Discretionary,Homebuilding,1984-04-30
PKG,Packaging Corporation of America,0000075677,Materials,Paper & Plastic Packaging Products & Materials,2017-07-26
PLD,Prologis,0001045609,Real Estate,Industrial REITs,2003-07-17
PLTR,Palantir Technologies,0001321655,Information Technology,Application Software,2024-09-23
PM,Philip Morris International,0001413329,Consumer Staples,Tobacco,2008-03-31
PNC,PNC Financial Services,0000713676,Financials,Diversified Banks,1988-04-30
PNR,Pentair,0000077360,Industrials,Industrial Machinery & Supplies & Components,2012-10-01
PNW,Pinnacle West Capital,0000764622,Utilities,Multi-Utilities,1999-10-04
PODD,Insulet Corporation,0001145197,Health Care,Health Care Equipment,2023-03-15
POOL,Pool Corporation,0000945841,Consumer Discretionary,Distributors,2020-10-07
PPG,PPG Industries,0000079879,Materials,Specialty Chemicals,1957-03-04
PPL,PPL Corporation,0000922224,Utilities,Electric Utilities,2001-10-01
PRU,Prudential Financial,0001137774,Financials,Life & Health Insurance,2002-07-22
PSA,Public Storage,0001393311,Real Estate,Self-Storage REITs,2005-08-19
PSKY,Paramount Skydance Corporation,0002041610,Communication Services,Movies & Entertainment,1994-09-30
PSX,Phillips 66,0001534701,Energy,Oil & Gas Refining & Marketing,2012-05-01
PTC,PTC Inc.,0000857005,Information Technology,Application Software,2021-04-20
PWR,Quanta Services,0001050915,Industrials,Construction & Engineering,2009-07-01
PYPL,PayPal,0001633917,Financials,Transaction & Payment Processing Services,2015-07-20
Q,Qnity Electronics,0002058873,Information Technology,Semiconductor Materials & Equipment,2025-11-03
QCOM,Qualcomm,0000804328,Information Technology,Semiconductors,1999-07-22
RCL,Royal Caribbean Group,0000884887,Consumer Discretionary,"Hotels, Resorts & Cruise Lines",2014-12-05
REG,Regency Centers,0000910606,Real Estate,Retail REITs,2017-03-02
REGN,Regeneron Pharmaceuticals,0000872589,Health Care,Biotechnology,2013-05-01
RF,Regions Financial Corporation,0001281761,Financials,Regional Banks,1998-08-28
RJF,Raymond James Financial,0000720005,Financials,Investment Banking & Brokerage,2017-03-20
RL,Ralph Lauren Corporation,0001037038,Consumer Discretionary,"Apparel, Accessories & Luxury Goods",2007-02-02
RMD,ResMed,0000943819,Health Care,Health Care Equipment,2017-07-26
ROK,Rockwell Automation,0001024478,Industrials,Electrical Components & Equipment,2000-03-12
ROL,"Rollins, Inc.",0000084839,Industrials,Environmental & Facilities Services,2018-10-01
ROP,Roper Technologies,0000882835,Information Technology,Electronic Equipment & Instruments,2009-12-23
ROST,Ross Stores,0000745732,Consumer Discretionary,Apparel Retail,2009-12-21
RSG,Republic Services,0001060391,Industrials,Environmental & Facilities Services,2008-12-05
RTX,RTX Corporation,0000101829,Industrials,Aerospace & Defense,1957-03-04
RVTY,Revvity,0000031791,Health Care,Health Care Equipment,1985-05-31
SATS,EchoStar,0001415404,Communication Services,Wireless Telecommunication Services,2026-03-23
SBAC,SBA Communications,0001034054,Real Estate,Telecom Tower REITs,2017-09-01
SBUX,Starbucks,0000829224,Consumer Discretionary,Restaurants,2000-06-07
SCHW,Charles Schwab Corporation,0000316709,Financials,Investment Banking & Brokerage,1997-06-02
SHW,Sherwin-Williams,0000089800,Materials,Specialty Chemicals,1964-06-30
SJM,J.M. Smucker Company (The),0000091419,Consumer Staples,Packaged Foods & Meats,2008-11-06
SLB,Schlumberger,0000087347,Energy,Oil & Gas Equipment & Services,1957-03-04
SMCI,Supermicro,0001375365,Information Technology,"Technology Hardware, Storage & Peripherals",2024-03-18
SNA,Snap-on,0000091440,Industrials,Industrial Machinery & Supplies & Components,1982-09-30
SNDK,Sandisk,0002023554,Information Technology,"Technology Hardware, Storage & Peripherals",2025-11-28
SNPS,Synopsys,0000883241,Information Technology,Application Software,2017-03-16
SO,Southern Company,0000092122,Utilities,Electric Utilities,1957-03-04
SOLV,Solventum,0001964738,Health Care,Health Care Technology,2024-04-01
SPG,Simon Property Group,0001063761,Real Estate,Retail REITs,2002-06-26
SPGI,S&P Global,0000064040,Financials,Financial Exchanges & Data,1957-03-04
SRE,Sempra,0001032208,Utilities,Multi-Utilities,2017-03-17
STE,Steris,0001757898,Health Care,Health Care Equipment,2019-12-23
STLD,Steel Dynamics,0001022671,Materials,Steel,2022-12-22
STT,State Street Corporation,0000093751,Financials,Asset Management & Custody Banks,2003-03-14
STX,Seagate Technology,0001137789,Information Technology,"Technology Hardware, Storage & Peripherals",2012-07-02
STZ,Constellation Brands,0000016918,Consumer Staples,Distillers & Vintners,2005-07-01
SW,Smurfit Westrock,0002005951,Materials,Paper & Plastic Packaging Products & Materials,2024-07-08
SWK,Stanley Black & Decker,0000093556,Industrials,Industrial Machinery & Supplies & Components,1982-09-30
SWKS,Skyworks Solutions,0000004127,Information Technology,Semiconductors,2015-03-12
SYF,Synchrony Financial,0001601712,Financials,Consumer Finance,2015-11-18
SYK,Stryker Corporation,0000310764,Health Care,Health Care Equipment,2000-12-12
SYY,Sysco,0000096021,Consumer Staples,Food Distributors,1986-12-31
T,AT&T,0000732717,Communication Services,Integrated Telecommunication Services,1983-11-30
TAP,Molson Coors Beverage Company,0000024545,Consumer Staples,Brewers,1976-06-30
TDG,TransDigm Group,0001260221,Industrials,Aerospace & Defense,2016-06-03
TDY,Teledyne Technologies,0001094285,Information Technology,Electronic Equipment & Instruments,2020-06-22
TECH,Bio-Techne,0000842023,Health Care,Life Sciences Tools & Services,2021-08-30
TEL,TE Connectivity,0001385157,Information Technology,Electronic Manufacturing Services,2011-10-17
TER,Teradyne,0000097210,Information Technology,Semiconductor Materials & Equipment,2020-09-21
TFC,Truist Financial,0000092230,Financials,Diversified Banks,1997-12-04
TGT,Target Corporation,0000027419,Consumer Staples,Consumer Staples Merchandise Retail,1976-12-31
TJX,TJX Companies,0000109198,Consumer Discretionary,Apparel Retail,1985-09-30
TKO,TKO Group Holdings,0001973266,Communication Services,Movies & Entertainment,2025-03-24
TMO,Thermo Fisher Scientific,0000097745,Health Care,Life Sciences Tools & Services,2004-08-03
TMUS,T-Mobile US,0001283699,Communication Services,Wireless Telecommunication Services,2019-07-15
TPL,Texas Pacific Land Corporation,0001811074,Energy,Oil & Gas Exploration & Production,2024-11-26
TPR,"Tapestry, Inc.",0001116132,Consumer Discretionary,"Apparel, Accessories & Luxury Goods",2004-09-01
TRGP,Targa Resources,0001389170,Energy,Oil & Gas Storage & Transportation,2022-10-12
TRMB,Trimble Inc.,0000864749,Information Technology,Application Software,2021-01-21
TROW,T. Rowe Price,0001113169,Financials,Asset Management & Custody Banks,2019-07-29
TRV,Travelers Companies (The),0000086312,Financials,Property & Casualty Insurance,2002-08-21
TSCO,Tractor Supply,0000916365,Consumer Discretionary,Other Specialty Retail,2014-01-24
TSLA,"Tesla, Inc.",0001318605,Consumer Discretionary,Automobile Manufacturers,2020-12-21
TSN,Tyson Foods,0000100493,Consumer Staples,Packaged Foods & Meats,2005-08-10
TT,Trane Technologies,0001466258,Industrials,Building Products,2010-11-17
TTD,Trade Desk (The),0001671933,Communication Services,Advertising,2025-07-18
TTWO,Take-Two Interactive,0000946581,Communication Services,Interactive Home Entertainment,2018-03-19
TXN,Texas Instruments,0000097476,Information Technology,Semiconductors,2001-03-12
TXT,Textron,0000217346,Industrials,Aerospace & Defense,1978-12-31
TYL,Tyler Technologies,0000860731,Information Technology,Application Software,2020-06-22
UAL,United Airlines Holdings,0000100517,Industrials,Passenger Airlines,2015-09-03
UBER,Uber,0001543151,Industrials,Passenger Ground Transportation,2023-12-18
UDR,"UDR, Inc.",0000074208,Real Estate,Multi-Family Residential REITs,2016-03-07
UHS,Universal Health Services,0000352915,Health Care,Health Care Facilities,2014-09-20
ULTA,Ulta Beauty,0001403568,Consumer Discretionary,Other Specialty Retail,2016-04-18
UNH,UnitedHealth Group,0000731766,Health Care,Managed Health Care,1994-07-01
UNP,Union Pacific Corporation,0000100885,Industrials,Rail Transportation,1957-03-04
UPS,United Parcel Service,0001090727,Industrials,Air Freight & Logistics,2002-07-22
URI,United Rentals,0001067701,Industrials,Trading Companies & Distributors,2014-09-20
USB,U.S. Bancorp,0000036104,Financials,Diversified Banks,1999-11-01
V,Visa Inc.,0001403161,Financials,Transaction & Payment Processing Services,2009-12-21
VEEV,Veeva Systems,0001393052,Health Care,Health Care Technology,2026-05-07
VICI,Vici Properties,0001705696,Real Estate,Hotel & Resort REITs,2022-06-08
VLO,Valero Energy,0001035002,Energy,Oil & Gas Refining & Marketing,2002-12-20
VLTO,Veralto,0001967680,Industrials,Environmental & Facilities Services,2023-10-02
VMC,Vulcan Materials Company,0001396009,Materials,Construction Materials,1999-06-30
VRSK,Verisk Analytics,0001442145,Industrials,Research & Consulting Services,2015-10-08
VRSN,Verisign,0001014473,Information Technology,Internet Services & Infrastructure,2006-02-01
VRT,Vertiv,0001674101,Industrials,Electrical Components & Equipment,2026-03-23
VRTX,Vertex Pharmaceuticals,0000875320,Health Care,Biotechnology,2013-09-23
VST,Vistra Corp .,0001692819,Utilities,Electric Utilities,2024-05-08
VTR,Ventas,0000740260,Real Estate,Health Care REITs,2009-03-04
VTRS,Viatris,0001792044,Health Care,Pharmaceuticals,2004-04-23
VZ,Verizon,0000732712,Communication Services,Integrated Telecommunication Services,1983-11-30
WAB,Wabtec,0000943452,Industrials,Construction Machinery & Heavy Transportation Equipment,2019-02-27
WAT,Waters Corporation,0001000697,Health Care,Life Sciences Tools & Services,2002-01-02
WBD,Warner Bros. Discovery,0001437107,Communication Services,Broadcasting,2022-04-11
WDAY,"Workday, Inc.",0001327811,Information Technology,Application Software,2024-12-23
WDC,Western Digital,0000106040,Information Technology,"Technology Hardware, Storage & Peripherals",2009-07-01
WEC,WEC Energy Group,0000783325,Utilities,Electric Utilities,2008-10-31
WELL,Welltower,0000766704,Real Estate,Health Care REITs,2009-01-30
WFC,Wells Fargo,0000072971,Financials,Diversified Banks,1976-06-30
WM,Waste Management,0000823768,Industrials,Environmental & Facilities Services,1998-08-31
WMB,Williams Companies,0000107263,Energy,Oil & Gas Storage & Transportation,1975-03-31
WMT,Walmart,0000104169,Consumer Staples,Consumer Staples Merchandise Retail,1982-08-31
WRB,W. R. Berkley Corporation,0000011544,Financials,Property & Casualty Insurance,2019-12-05
WSM,"Williams-Sonoma, Inc.",0000719955,Consumer Discretionary,Homefurnishing Retail,2025-03-24
WST,West Pharmaceutical Services,0000105770,Health Care,Health Care Supplies,2020-05-22
WTW,Willis Towers Watson,0001140536,Financials,Insurance Brokers,2016-01-05
WY,Weyerhaeuser,0000106535,Real Estate,Timber REITs,1979-10-01
WYNN,Wynn Resorts,0001174922,Consumer Discretionary,Casinos & Gaming,2008-11-14
XEL,Xcel Energy,0000072903,Utilities,Multi-Utilities,1957-03-04
XOM,ExxonMobil,0000034088,Energy,Integrated Oil & Gas,1957-03-04
XYL,Xylem Inc.,0001524472,Industrials,Industrial Machinery & Supplies & Components,2011-11-01
XYZ,"Block, Inc.",0001512673,Financials,Transaction & Payment Processing Services,2025-07-23
YUM,Yum! Brands,0001041061,Consumer Discretionary,Restaurants,1997-10-06
ZBH,Zimmer Biomet,0001136869,Health Care,Health Care Equipment,2001-08-07
ZBRA,Zebra Technologies,0000877212,Information Technology,Electronic Equipment & Instruments,2019-12-23
ZTS,Zoetis,0001555280,Health Care,Pharmaceuticals,2013-06-21
